{"twcollector3": {"avr_cat_vec": [0.43746912479400635, 0.10548064112663269, -0.385383665561676, -0.381086528301239, 0.42521628737449646, -0.4063122868537903, 1.455162525177002, 0.3001619577407837, -0.7633981108665466, -0.6734969019889832, 0.38938963413238525, -0.24941468238830566, 0.3797980844974518, 0.38167065382003784, 0.6635915040969849, 0.9529642462730408, -0.2397819608449936, 0.16013522446155548, 0.4823286831378937, -0.2560064494609833, 0.048295311629772186, 1.0978244543075562, 0.3039882779121399, -0.680058479309082, 0.39599764347076416, -0.6225606203079224, -0.4456498324871063, -0.35275572538375854, -0.06117492541670799, 0.6059121489524841, 0.5086801052093506, -0.8001065850257874, -1.3339674472808838, -0.9000368118286133, -0.013169261626899242, -0.33839505910873413, 0.10270563513040543, -0.6951711177825928, -0.16594985127449036, -1.113721489906311, -0.0490766316652298, 0.4068606197834015, 0.8522394895553589, -0.4941440224647522, 0.987145185470581, -0.18275566399097443, -0.19415418803691864, 0.7923914194107056, 1.079965353012085, 0.012065396644175053, -0.08724013715982437, 1.3305199146270752, -0.9284433722496033, 1.3004891872406006, -0.5278059244155884, -0.41915497183799744, -0.3716273903846741, -1.29514741897583, -0.1826130896806717, 0.39778420329093933, -0.4516538679599762, 0.7444329857826233, -0.6010329723358154, 0.45363661646842957, -0.4131622314453125, -0.7814699411392212, -0.40614598989486694, -1.0461374521255493, -0.9140994548797607, 0.9423765540122986, 0.16763700544834137, -0.21180950105190277, 0.03961966559290886, -0.8590576648712158, 0.4390973448753357, -0.9362066984176636, -0.013000496663153172, -0.37240469455718994, 0.5971627831459045, -0.47565287351608276, -1.1794158220291138, 0.391281396150589, -0.008622044697403908, -0.056271545588970184, -0.8932968378067017, -0.2423926740884781, -0.4425969421863556, 0.7560599446296692, -0.4271205961704254, -1.0749695301055908, 1.2304224967956543, 0.19926439225673676, -0.11557687073945999, 0.5688552260398865, -0.4371053874492645, -0.82120680809021, 0.3765721321105957, -0.5949074625968933, 0.3206562101840973, 0.47790756821632385]}, "twcollector5": {"avr_cat_vec": [0.30154088139533997, 0.010857248678803444, -0.04379837214946747, 0.21325142681598663, 0.502257227897644, -0.5627487301826477, 0.40187618136405945, -0.5530187487602234, -0.19273513555526733, 0.22482381761074066, 0.5687227845191956, 0.39632463455200195, 0.5815929770469666, -0.1341206431388855, -0.2536446452140808, 0.8905335664749146, -0.26828518509864807, 1.4378703832626343, 0.5954174399375916, -0.07764789462089539, -0.11215623468160629, 0.47231340408325195, -0.3780813217163086, 0.14700667560100555, -0.1239040344953537, -0.5728538036346436, -0.7919091582298279, -0.5309751033782959, -0.04410757124423981, -0.6503167748451233, -0.48279812932014465, 0.628400981426239, -0.7449072003364563, -1.0645619630813599, -0.8691222071647644, 0.9069408178329468, 0.050778988748788834, -0.4292263984680176, -0.8373154997825623, -0.6772105693817139, -0.16200628876686096, -0.01501477975398302, -0.18383337557315826, 0.14893443882465363, 0.840327799320221, -0.11242816597223282, -0.36297476291656494, 0.44579383730888367, 0.9740303158760071, 0.0895981714129448, -0.6754267811775208, 0.6168105006217957, -0.9706529974937439, -0.021003123372793198, -0.7542989253997803, -0.07117252051830292, -0.515102207660675, -1.0371851921081543, -0.816739022731781, 0.5319913625717163, -1.2073829174041748, 0.8783541321754456, -0.2638709843158722, 0.6902233362197876, -0.38803064823150635, -0.7164445519447327, 0.15717847645282745, -0.7012705206871033, -0.9312893152236938, 1.713066816329956, 1.0647954940795898, -0.26082247495651245, -0.22119727730751038, -0.3561430871486664, 0.5285232663154602, -0.06414524465799332, -0.6654021739959717, 0.19105686247348785, 0.7855809926986694, -0.8885449171066284, -1.6477354764938354, 0.34465542435646057, -0.13706447184085846, -1.0013328790664673, -0.7773768901824951, -0.03207994997501373, 0.28264090418815613, -0.155379980802536, -0.2941349446773529, -1.1840566396713257, 1.260555386543274, 0.02142186090350151, -0.21387194097042084, 0.5085795521736145, -0.9940556883811951, -0.5950233936309814, -0.19075073301792145, -0.3760264813899994, 1.329187273979187, 0.566383421421051]}, "twcollector1": {"avr_cat_vec": [0.387749046087265, -0.05413229763507843, 0.09672468155622482, -0.5817028284072876, -0.3190940320491791, -0.9321123957633972, 0.3432807922363281, 0.10825613141059875, -0.6445584893226624, -0.6498452425003052, 1.3079882860183716, -0.20138688385486603, -0.4921919107437134, 0.34139272570610046, 0.8734838962554932, 0.573017418384552, -1.0097349882125854, 0.32831647992134094, 0.8166939616203308, -0.46170175075531006, 0.16864162683486938, 0.9918941855430603, -0.32433509826660156, 0.2625379264354706, 0.606294572353363, 0.06719423085451126, -0.02292521856725216, -0.8925682902336121, 0.12420152872800827, 0.4046540856361389, -0.3379936218261719, -0.5788847804069519, -1.434690237045288, -0.386961430311203, -0.2717813551425934, -0.3031792938709259, -0.05979510769248009, -0.5967816710472107, 0.805917501449585, -0.47426655888557434, -0.09846217930316925, 0.7373972535133362, 0.8297079205513, 0.013603786006569862, 0.9659315347671509, -0.3707035183906555, -0.417336642742157, 0.48679980635643005, 0.40684929490089417, 0.12475644052028656, -0.8844762444496155, 0.2832965552806854, -1.279829502105713, 0.9220882654190063, -0.10946052521467209, -0.22027425467967987, -1.2475433349609375, -1.3773624897003174, -0.6355817914009094, 0.4221429228782654, -1.1555123329162598, 0.5006567239761353, -0.3846169114112854, -0.04571430757641792, -0.94317227602005, -0.521592915058136, 0.6824150085449219, -0.25163736939430237, -0.8806700110435486, 1.3444197177886963, 0.7021494507789612, -0.4530084431171417, 0.21590790152549744, -0.2492944449186325, 0.9118770956993103, -0.5925849080085754, -0.482551246881485, 0.196067675948143, 0.36687198281288147, -0.3456038236618042, -0.9885541796684265, 0.5818212032318115, -0.9042041301727295, -0.3910617530345917, -1.002040982246399, -0.2074243575334549, 0.14762134850025177, 0.7001315951347351, -0.029828153550624847, -0.5618787407875061, 1.16195809841156, -0.48424583673477173, 0.0047172484919428825, 0.2132149338722229, -0.4903368651866913, -0.841312050819397, 0.6574422121047974, -0.9188013672828674, 1.3094240427017212, 0.9077277779579163]},